name,descr,url,price,image_urls,images,id
Yale Wired Outdoor Dome Camera HD1080,"The Yale Full HD1080p Dome Camera is an accessory for the Yale Smart Home CCTV range, allowing you to view and record live footage from your property. The camera records around the clock with 30m enhanced night vison and is suitable for outdoor use. ",https://www.homebase.co.uk/yale-wired-outdoor-dome-camera-hd1080_p484127,59.99,"https://bcc53877d7aa0a135b9a-1452ca75bf8985207bb5b0c44a65ef28.ssl.cf4.rackcdn.com/Product-190x190/3e199755-f4d7-4daf-ab13-f0e60791674c.jpg,https://bcc53877d7aa0a135b9a-1452ca75bf8985207bb5b0c44a65ef28.ssl.cf4.rackcdn.com/Product-190x190/76115d37-67fc-451e-826c-c3a76f70ed4a.jpg",,484127
2000W Ceramic Tower Heater,"This tower heater has a distinctive and stylish retro look, with its front grill and attractive rose gold trim. Featuring 2 heat settings, it's the perfect solution for heating up smaller rooms.",https://www.homebase.co.uk/2000w-ceramic-tower-heater_p470152,35,https://bcc53877d7aa0a135b9a-1452ca75bf8985207bb5b0c44a65ef28.ssl.cf4.rackcdn.com/Product-190x190/76f6dbc1-16df-4049-a9fd-56405c272b5e.jpg,,470152
Valor Baltimore 12KW Solid Fuel Stove,"A large double-door traditional style, cast iron multi-fuel stove; for burning wood or solid fuel to produce a real fire.  ",https://www.homebase.co.uk/valor-baltimore-12kw-solid-fuel-stove_p290711,679,"https://bcc53877d7aa0a135b9a-1452ca75bf8985207bb5b0c44a65ef28.ssl.cf4.rackcdn.com/Product-190x190/b8a151c6-be88-4570-9a83-470cc6f8a8e6.jpg,https://bcc53877d7aa0a135b9a-1452ca75bf8985207bb5b0c44a65ef28.ssl.cf4.rackcdn.com/Product-190x190/dabc9a7a-2334-4a82-a16b-6b16c3b8e824.jpg,https://bcc53877d7aa0a135b9a-1452ca75bf8985207bb5b0c44a65ef28.ssl.cf4.rackcdn.com/Product-190x190/a4d5a5c4-2edb-4cee-9b8c-c61ad769eb80.jpg",,290711
Dimplex Stockbridge 2kW Electric Stove,"The Dimplex Stockbridge is an authentic, cast iron styled electric stove, an ideal alternative to traditional wood burning/solid fuel stove. Completing the look, the Stockbridge has opening doors finishing off its realistic appearance.  Electric fires are easy to operate as there is little or no installation required. There is no annual maintenance required as with gas and they are 100 per cent efficient at point of use. ",https://www.homebase.co.uk/dimplex-stockbridge-2kw-electric-stove_p123331,329,"https://bcc53877d7aa0a135b9a-1452ca75bf8985207bb5b0c44a65ef28.ssl.cf4.rackcdn.com/Product-190x190/27398484-818e-4a8d-ac49-f0630c57c961.jpg,https://bcc53877d7aa0a135b9a-1452ca75bf8985207bb5b0c44a65ef28.ssl.cf4.rackcdn.com/Product-190x190/2975b9d5-64c2-4fb7-b55f-73dcbcdbb8f1.jpg",,123331
Mansion Traditional Fire Grate,Cast iron fire grate to fit 40cm aperture fireplace.,https://www.homebase.co.uk/mansion-traditional-fire-grate_p383087,17.99,https://bcc53877d7aa0a135b9a-1452ca75bf8985207bb5b0c44a65ef28.ssl.cf4.rackcdn.com/Product-190x190/48fc254a-b1c3-4512-9674-4f014ee267b2.jpg,,383087
10 Litre Dehumidifier,"Compact, powerful, and efficient, the Moretti 10 litre Dehumidifier allows you to control excess moisture, preventing mould and mildew from developing and creating a fresh-smelling, clean environment throughout your home.",https://www.homebase.co.uk/10-litre-dehumidifier_p204527,84,https://bcc53877d7aa0a135b9a-1452ca75bf8985207bb5b0c44a65ef28.ssl.cf4.rackcdn.com/Product-190x190/567194a6-40ef-4389-b640-74ef34a3569d.jpg,,204527
Dimplex Courchevel 2kW Electric Stove,"The Courchevel is a mid-sized cast-iron style electric stove, with its controls discreetly concealed behind its opening door. Adding to its authenticity the stove uses the realistic Optiflame log effect with the illusion of 'dying embers'- which can still be notice when the fire is switched off. The flame effect can be used independently of heat which makes it suitable for use all year round.",https://www.homebase.co.uk/dimplex-courchevel-2kw-electric-stove_p117829,170,"https://bcc53877d7aa0a135b9a-1452ca75bf8985207bb5b0c44a65ef28.ssl.cf4.rackcdn.com/Product-190x190/a6787f1b-4e62-4186-a19c-ec57e158bb7a.jpg,https://bcc53877d7aa0a135b9a-1452ca75bf8985207bb5b0c44a65ef28.ssl.cf4.rackcdn.com/Product-190x190/ee8f8d93-7840-4f49-aae9-449feaa386b9.jpg,https://bcc53877d7aa0a135b9a-1452ca75bf8985207bb5b0c44a65ef28.ssl.cf4.rackcdn.com/Product-190x190/f5396526-e5c5-4dab-8912-b678651647d3.jpg,https://bcc53877d7aa0a135b9a-1452ca75bf8985207bb5b0c44a65ef28.ssl.cf4.rackcdn.com/Product-190x190/99bfa706-fed2-42bf-9e76-5bce51cc2370.jpg,https://bcc53877d7aa0a135b9a-1452ca75bf8985207bb5b0c44a65ef28.ssl.cf4.rackcdn.com/Product-190x190/01964d71-a00d-4246-86b0-07b207c64aae.jpg,https://bcc53877d7aa0a135b9a-1452ca75bf8985207bb5b0c44a65ef28.ssl.cf4.rackcdn.com/Product-190x190/4bddcf9a-e219-422d-b1f2-ac88ab6f01e0.jpg",,117829
Scandia Exuro 5 Stove,"The Exuro V (5kW) stove is a contemporary design with extended viewing glass that retains the focal point of the room while minimalist controls both above and within the lower door provide the primary and secondary air controls to enable complete and effective control over both burn rate and temperature output. Defra and HETAS approved for use in Smoke Control Areas. This stove has a firebrick lined firebox, a removable ash pan for ease of maintenance, premium impact resistant glass as well as a ""clearview"" glass airwash system.",https://www.homebase.co.uk/scandia-exuro-5-stove_p479750,395,"https://bcc53877d7aa0a135b9a-1452ca75bf8985207bb5b0c44a65ef28.ssl.cf4.rackcdn.com/Product-190x190/775e16aa-b2b5-4951-9b55-ab59b7b2aa28.jpg,https://bcc53877d7aa0a135b9a-1452ca75bf8985207bb5b0c44a65ef28.ssl.cf4.rackcdn.com/Product-190x190/2cace60a-f9e4-4034-adf9-7f2ace718a2a.JPG",,479750
Adam Hudson Electric Stove - Black,"With its textured black finish, the Hudson is an electric stove with a difference. This traditionally styled stove has an air of elegance about it, which allows it to fit into both classically and contemporarily styled interiors. ",https://www.homebase.co.uk/adam-hudson-electric-stove-black_p468969,150,https://bcc53877d7aa0a135b9a-1452ca75bf8985207bb5b0c44a65ef28.ssl.cf4.rackcdn.com/Product-190x190/dd179dbc-cf0e-44bd-a609-43568d3e88f3.png,,468969
Dimplex Springbourne 2kW Electric Stove,"The Springborne is a 2kW traditionally styled freestanding electric stove coming complete with a real coal fuel bed and a remote control. The compact stove has been designed to fit in or stand on a standard fireplace and hearth. What's great about the Springborne is its opening door, which complements the stoves authenticity and traditional design. ",https://www.homebase.co.uk/dimplex-springbourne-2kw-electric-stove_p115169,155,"https://bcc53877d7aa0a135b9a-1452ca75bf8985207bb5b0c44a65ef28.ssl.cf4.rackcdn.com/Product-190x190/d8a6f8a6-4f4b-42b8-8cbb-71f0af1a25b3.jpg,https://bcc53877d7aa0a135b9a-1452ca75bf8985207bb5b0c44a65ef28.ssl.cf4.rackcdn.com/Product-190x190/e4c798c9-5aba-482c-97e1-9c30cbc7ad63.jpg",,115169
Scandia Ardeo 7 Stove,"The Ardeo VII (7kW) stove is the largest in the Ardeo range, forged in traditional cast iron with a distinct touch of contemporary styling this 7kW stove will effectively heat living spaces up to 98 cubic metres. It is Defra and HETAS approved for use in Smoke Control Areas. This stove has a firebrick lined firebox, a removable ash pan for ease of maintenance, premium impact resistant glass as well as a ""clearview"" glass airwash system.",https://www.homebase.co.uk/scandia-ardeo-7-stove_p479752,650,"https://bcc53877d7aa0a135b9a-1452ca75bf8985207bb5b0c44a65ef28.ssl.cf4.rackcdn.com/Product-190x190/535f7b65-c659-4f73-9c72-f7e4d645a6c3.jpg,https://bcc53877d7aa0a135b9a-1452ca75bf8985207bb5b0c44a65ef28.ssl.cf4.rackcdn.com/Product-190x190/35611694-419c-46fe-87fb-d49851ee9175.JPG",,479752
Dimplex Club 2kW Electric Stove,"The Dimplex 2 kW Club electric fire is an ideal alternative to a traditional wood burning/solid fuel stove. This electric stove has a choice of heat settings allowing you to have complete control on how much warmth you require, also coming with a remote control gives even more accessibility, so you can change settings with ease.",https://www.homebase.co.uk/dimplex-club-2kw-electric-stove_p370239,195,"https://bcc53877d7aa0a135b9a-1452ca75bf8985207bb5b0c44a65ef28.ssl.cf4.rackcdn.com/Product-190x190/5bb6cebc-dbb3-4ec9-8410-92209a6d355b.jpg,https://bcc53877d7aa0a135b9a-1452ca75bf8985207bb5b0c44a65ef28.ssl.cf4.rackcdn.com/Product-190x190/9cf6e7d1-0986-4c2a-8993-d136b08e1a3b.jpg,https://bcc53877d7aa0a135b9a-1452ca75bf8985207bb5b0c44a65ef28.ssl.cf4.rackcdn.com/Product-190x190/ae4dd843-3c5d-4873-8056-17b1c650b6c2.jpg",,370239
Dimplex Gosford 2kW Opti-myst Electric Stove,A classic black freestanding stove featuring a 3D realistic flame effect; the perfect blend of tradition and innovation and will be a perfect statement feature in any home.    ,https://www.homebase.co.uk/dimplex-gosford-2kw-opti-myst-electric-stove_p291078,499,"https://bcc53877d7aa0a135b9a-1452ca75bf8985207bb5b0c44a65ef28.ssl.cf4.rackcdn.com/Product-190x190/5f6c15d9-5605-4ac8-8f10-a42ad945ae39.jpg,https://bcc53877d7aa0a135b9a-1452ca75bf8985207bb5b0c44a65ef28.ssl.cf4.rackcdn.com/Product-190x190/28b7fafe-51b7-4f2b-b4c9-ccb31331bf67.jpg",,291078
£100 Homebase Gift Card,"Give a gift card for even more choice.  Whether someone you know is a keen gardener, a DIY enthusiast or simply looking to invest in their home, our gift cards will be perfectly suited. Each card is blank so you can add your own personal message.",https://www.homebase.co.uk/-100-homebase-gift-card_p427972,100,https://bcc53877d7aa0a135b9a-1452ca75bf8985207bb5b0c44a65ef28.ssl.cf4.rackcdn.com/Product-190x190/82006bb6-68bc-4f85-ab1d-66536f28e52d.jpg,,427972
£30 Homebase Gift Card,"Give a gift card for even more choice.  Whether someone you know is a keen gardener, a DIY enthusiast or simply looking to invest in their home, our gift cards will be perfectly suited. Each card is blank so you can add your own personal message.",https://www.homebase.co.uk/-30-homebase-gift-card_p488196,30,https://bcc53877d7aa0a135b9a-1452ca75bf8985207bb5b0c44a65ef28.ssl.cf4.rackcdn.com/Product-190x190/d7f03a49-e9d0-422a-87b8-94cd724ac253.jpg,,488196
Duchess Top Companion Set - 5pc,"This Duchess Top Companion Set complete with Stand, Poker, Shovel, Tongs and Brush provides all the necessary tools needed when creating the perfect fire to relax besides.",https://www.homebase.co.uk/duchess-top-companion-set-5pc_p412040,12.95,"https://bcc53877d7aa0a135b9a-1452ca75bf8985207bb5b0c44a65ef28.ssl.cf4.rackcdn.com/Product-190x190/15d4aef9-45a3-4615-814d-2b2b8dc99c8f.jpg,https://bcc53877d7aa0a135b9a-1452ca75bf8985207bb5b0c44a65ef28.ssl.cf4.rackcdn.com/Product-190x190/48f76599-28d8-4556-a1ec-f07c712f8197.jpg,https://bcc53877d7aa0a135b9a-1452ca75bf8985207bb5b0c44a65ef28.ssl.cf4.rackcdn.com/Product-190x190/bef3ed39-31e8-4034-95d2-be301afcd90e.jpg,https://bcc53877d7aa0a135b9a-1452ca75bf8985207bb5b0c44a65ef28.ssl.cf4.rackcdn.com/Product-190x190/70798172-00bd-469d-ad3d-c7168de9350a.jpg,https://bcc53877d7aa0a135b9a-1452ca75bf8985207bb5b0c44a65ef28.ssl.cf4.rackcdn.com/Product-190x190/7a3790aa-2d78-4fce-8cc3-69f0d6630c44.jpg",,412040
Dimplex Brayford 2kW Electric Stove,"The Brayford is an elegant and traditionally styled 2 kW electric stove, an ideal alternative to traditional wood burning/solid fuel stoves. The Brayford features a choice of heat settings, log effect fuel bed and the realistic moving flame effect Optiflame. It can be operated with or without heat, making it ideal for use all year round. The Brayford has a remote control so you can switch it on/off from a distance. The Brayford has BEAB Intertek approval for added safety assurance.",https://www.homebase.co.uk/dimplex-brayford-2kw-electric-stove_p381130,150,"https://bcc53877d7aa0a135b9a-1452ca75bf8985207bb5b0c44a65ef28.ssl.cf4.rackcdn.com/Product-190x190/3e5fc032-cc81-4b1b-a48d-a4ea8bd64ff7.jpg,https://bcc53877d7aa0a135b9a-1452ca75bf8985207bb5b0c44a65ef28.ssl.cf4.rackcdn.com/Product-190x190/f33ab5e4-bd59-4b4a-a612-d40db2e622c1.jpg,https://bcc53877d7aa0a135b9a-1452ca75bf8985207bb5b0c44a65ef28.ssl.cf4.rackcdn.com/Product-190x190/4c9218c3-3efb-4f10-8aab-029d9d4194bf.jpg,https://bcc53877d7aa0a135b9a-1452ca75bf8985207bb5b0c44a65ef28.ssl.cf4.rackcdn.com/Product-190x190/a54b8e39-6b42-4d93-a2f2-9de12dc09d82.jpg",,381130
Adam Woodhouse Electric Stove - Black,"With its black finish, the Woodhouse is an electric stove with a difference. This traditionally styled stove has an air of elegance about it, which allows it to fit into both classically and contemporarily styled interiors. ",https://www.homebase.co.uk/adam-woodhouse-electric-stove-black_p468971,200,https://bcc53877d7aa0a135b9a-1452ca75bf8985207bb5b0c44a65ef28.ssl.cf4.rackcdn.com/Product-190x190/a7444a02-001c-4b77-987b-0a362dbb4080.png,,468971
Scandia Black Companion Set,Forged from steel The Jet Black Fire Tool Set is durable and robust and would complement any contemporary range of wood fires,https://www.homebase.co.uk/scandia-black-companion-set_p479765,20,https://bcc53877d7aa0a135b9a-1452ca75bf8985207bb5b0c44a65ef28.ssl.cf4.rackcdn.com/Product-190x190/a64fa03a-ddf0-4669-88bb-7a4531a333a3.png,,479765
Scandia 2 Fold Fire Grate,This sturdy fire safety screen will minimise the risk of coming into contact with what can be extremely hot surfaces. Suits most mid-size wood fires.,https://www.homebase.co.uk/scandia-2-fold-fire-grate_p479769,25,https://bcc53877d7aa0a135b9a-1452ca75bf8985207bb5b0c44a65ef28.ssl.cf4.rackcdn.com/Product-190x190/4092b532-3451-4e60-b50b-3e0c54182f4c.jpg,,479769
Dimplex Castillo Electric Freestanding Fire - 2kW,"The Dimplex 2 kW Castillo freestanding electric fire is designed to be used freestanding flat against a wall. It is supplied assembled so it is very easy to set up. The Castillo has an elegant and contemporary look, finished in satin silver with chrome effect fret and trims. The fire has a choice of 2 heat settings (1 kW or 2 kW) for a greater control over your room temperature, and comes with a choice of a real coal or white pebble fuel bed, both of which are included. ",https://www.homebase.co.uk/dimplex-castillo-electric-freestanding-fire-2kw_p349659,169,"https://bcc53877d7aa0a135b9a-1452ca75bf8985207bb5b0c44a65ef28.ssl.cf4.rackcdn.com/Product-190x190/54c4ce24-56d7-48d9-8f7e-6f7a48a0e578.jpg,https://bcc53877d7aa0a135b9a-1452ca75bf8985207bb5b0c44a65ef28.ssl.cf4.rackcdn.com/Product-190x190/b4950be2-84f1-440f-b9ee-50dce1f657f8.jpg,https://bcc53877d7aa0a135b9a-1452ca75bf8985207bb5b0c44a65ef28.ssl.cf4.rackcdn.com/Product-190x190/44fa5f5d-e505-4d24-8eb7-0368d4a2fa71.jpg,https://bcc53877d7aa0a135b9a-1452ca75bf8985207bb5b0c44a65ef28.ssl.cf4.rackcdn.com/Product-190x190/5d32f3ea-164c-4f97-9766-a15c77c9d46a.jpg",,349659
Dimplex Bayport 2KW Opti-myst Stove,A classic black freestanding stove featuring a 3D realistic flame effect; the perfect blend of tradition and innovation and will be a perfect statement feature in any home. ,https://www.homebase.co.uk/dimplex-bayport-2kw-opti-myst-stove_p495411,450,"https://bcc53877d7aa0a135b9a-1452ca75bf8985207bb5b0c44a65ef28.ssl.cf4.rackcdn.com/Product-190x190/dd2e9d9e-6902-4c19-9f96-5659f8103bcb.jpg,https://bcc53877d7aa0a135b9a-1452ca75bf8985207bb5b0c44a65ef28.ssl.cf4.rackcdn.com/Product-190x190/2b5f2482-22cd-4bdf-83e2-7742cd3d1298.jpg,https://bcc53877d7aa0a135b9a-1452ca75bf8985207bb5b0c44a65ef28.ssl.cf4.rackcdn.com/Product-190x190/e1fd46c1-55da-487c-88b2-5687d85d5849.jpg",,495411
Scandia Contour Companion Set,The Scandia Glass Base and Stainless Fire Tool Set is the perfect accessory for any contemporary wood fired home.,https://www.homebase.co.uk/scandia-contour-companion-set_p479768,40,https://bcc53877d7aa0a135b9a-1452ca75bf8985207bb5b0c44a65ef28.ssl.cf4.rackcdn.com/Product-190x190/f22985bc-2da6-42f0-be71-f43108247cff.jpg,,479768
Scandia Round 760 Wood Storage,"The Round 750 is a beautifully designed wood storage solution and the ideal choice to complement any wood fire. The round 750 is equipped with 3 various compartments, one large area for storing logs and larger wood pieces, a smaller compartment for kindling, matches or paper.",https://www.homebase.co.uk/scandia-round-760-wood-storage_p479764,150,https://bcc53877d7aa0a135b9a-1452ca75bf8985207bb5b0c44a65ef28.ssl.cf4.rackcdn.com/Product-190x190/f9052676-c0a2-4b7f-8729-696ba4db1f00.jpg,,479764
Hire Evaporative Cooler 240V - 1 Day,This Evaporative Cooler is all you need to keep your living/office environment comfortable in the warmer summer months. Loaded with user-friendly features: Honeycomb cooling media for optimum cooling. A user friendly touch control panel and angled viewing LCD display. 0.5 to 8 hours OFF timer. A detachable water tank and a low water alarm. Adjustable humidification level and oscillating louver. A top loading ice compartment.,https://www.homebase.co.uk/hire-evaporative-cooler-240v-1-day_p490537,81.84,"https://bcc53877d7aa0a135b9a-1452ca75bf8985207bb5b0c44a65ef28.ssl.cf4.rackcdn.com/Product-190x190/8251ebf1-d205-4669-8551-9693c2ffb6f4.jpg,https://bcc53877d7aa0a135b9a-1452ca75bf8985207bb5b0c44a65ef28.ssl.cf4.rackcdn.com/Product-190x190/6ee2b09d-b760-42fe-8782-3ed1fe299eaf.jpg,https://bcc53877d7aa0a135b9a-1452ca75bf8985207bb5b0c44a65ef28.ssl.cf4.rackcdn.com/Product-190x190/dbdae05c-336c-49af-9bdd-5902a88eba2d.jpg",,490537
Glenmore Electric Suite,"The Glenmore electric suite in Soft white painted finish has a grand presence guaranteed to grace any room in your home. A real audience pleaser, this traditional styled suite comes complete with soft under mantel lighting to create the perfect ambient background glow whilst showcasing the inset fire below. A realistic coal bed with smouldering embers and dancing flames delivers an outstanding performance. Teamed with the accompanying heavenly warmth the Glenmore is the perfect addition to your home.  ",https://www.homebase.co.uk/glenmore-electric-suite_p434466,525,"https://bcc53877d7aa0a135b9a-1452ca75bf8985207bb5b0c44a65ef28.ssl.cf4.rackcdn.com/Product-190x190/042798c6-e159-48f3-9703-22a06ba6f1ad.jpg,https://bcc53877d7aa0a135b9a-1452ca75bf8985207bb5b0c44a65ef28.ssl.cf4.rackcdn.com/Product-190x190/fd452e6b-d54a-4457-b211-7c396c848b37.jpg,https://bcc53877d7aa0a135b9a-1452ca75bf8985207bb5b0c44a65ef28.ssl.cf4.rackcdn.com/Product-190x190/1627b245-0130-4f31-ae31-4cff60005652.jpg,https://bcc53877d7aa0a135b9a-1452ca75bf8985207bb5b0c44a65ef28.ssl.cf4.rackcdn.com/Product-190x190/dc34e709-839e-47d4-900d-209fa549a9e4.jpg",,434466
Grey Barrel Pendant Light,Capiz shells in a barrel shape.,https://www.homebase.co.uk/grey-barrel-pendant-light_p471253,17,"https://bcc53877d7aa0a135b9a-1452ca75bf8985207bb5b0c44a65ef28.ssl.cf4.rackcdn.com/Product-190x190/1672dbd6-3594-4eee-ab61-692d3110a067.jpg,https://bcc53877d7aa0a135b9a-1452ca75bf8985207bb5b0c44a65ef28.ssl.cf4.rackcdn.com/Product-190x190/2e195a08-c400-45c6-80e4-353fd8789a78.jpg",,471253
Aviemore Black Electric Stove,"The Adam Aviemore is an electric stove with a difference, with it's textured black, haughty colour, this traditionally styled stove has an air of elegance about it, which allows it to fit into both classically and contemporary interiors. The real magic begins when you switch the fire on and are enveloped by the simmering glow of the realistic LED flame effect - perfect for long, cosy evenings. A modern iteration of a traditional design, use this stylish stove to update your home.",https://www.homebase.co.uk/aviemore-black-electric-stove_p499567,149,"https://bcc53877d7aa0a135b9a-1452ca75bf8985207bb5b0c44a65ef28.ssl.cf4.rackcdn.com/Product-190x190/0bad6352-b5a5-4b04-9e5c-b3efb8da2ac4.jpg,https://bcc53877d7aa0a135b9a-1452ca75bf8985207bb5b0c44a65ef28.ssl.cf4.rackcdn.com/Product-190x190/cbb35064-5b76-4d99-8d61-9dae07cd9894.jpg,https://bcc53877d7aa0a135b9a-1452ca75bf8985207bb5b0c44a65ef28.ssl.cf4.rackcdn.com/Product-190x190/b486623e-03f3-40a0-933e-23b848eb5904.jpg",,499567
Aviemore White Electric Stove,"The Adam Aviemore is an electric stove with a difference, with it's smooth white colour, this traditionally styled stove has an air of elegance about it, which allows it to fit into both classically and contemporary interiors. The real magic begins when you switch the fire on and are enveloped by the simmering glow of the realistic LED flame effect - perfect for long, cosy evenings. A modern iteration of a traditional design, use this stylish stove to update your home.",https://www.homebase.co.uk/aviemore-white-electric-stove_p499568,149,"https://bcc53877d7aa0a135b9a-1452ca75bf8985207bb5b0c44a65ef28.ssl.cf4.rackcdn.com/Product-190x190/6322a415-9b54-43dd-8baf-bbce1040c3c8.jpg,https://bcc53877d7aa0a135b9a-1452ca75bf8985207bb5b0c44a65ef28.ssl.cf4.rackcdn.com/Product-190x190/6169c44b-09ef-4dc0-9ed9-37591ffb40b1.jpg,https://bcc53877d7aa0a135b9a-1452ca75bf8985207bb5b0c44a65ef28.ssl.cf4.rackcdn.com/Product-190x190/477606ab-d9d1-4b7a-812f-83269304ce65.jpg",,499568
Oval Log Basket,This brown willow Oval Basket brings a traditional yet rustic feel to the practical necessity of log storage for your fire.,https://www.homebase.co.uk/oval-log-basket_p100503,12.99,"https://bcc53877d7aa0a135b9a-1452ca75bf8985207bb5b0c44a65ef28.ssl.cf4.rackcdn.com/Product-190x190/612804b9-a17a-45a6-add6-133e769952f0.jpg,https://bcc53877d7aa0a135b9a-1452ca75bf8985207bb5b0c44a65ef28.ssl.cf4.rackcdn.com/Product-190x190/d34ab03c-9929-4919-b5aa-4ba7d9df4a58.jpg,https://bcc53877d7aa0a135b9a-1452ca75bf8985207bb5b0c44a65ef28.ssl.cf4.rackcdn.com/Product-190x190/09a21821-63f0-44c7-ad23-9c56cd144f8d.jpg,https://bcc53877d7aa0a135b9a-1452ca75bf8985207bb5b0c44a65ef28.ssl.cf4.rackcdn.com/Product-190x190/2c512afd-c83e-4181-a39b-eca7891f1fec.jpg,https://bcc53877d7aa0a135b9a-1452ca75bf8985207bb5b0c44a65ef28.ssl.cf4.rackcdn.com/Product-190x190/3bea771c-1c3f-4a4d-8d02-0b107b4e08fc.jpg",,100503
Mansion Medium Coal Hod,Fireside coal bucket for practical storage of solid fuels or for use as a decorative furnishing to enhance any fireplace.,https://www.homebase.co.uk/mansion-medium-coal-hod_p100510,18,"https://bcc53877d7aa0a135b9a-1452ca75bf8985207bb5b0c44a65ef28.ssl.cf4.rackcdn.com/Product-190x190/b9cc4100-9dcd-4499-98a4-3295c1de88d8.jpg,https://bcc53877d7aa0a135b9a-1452ca75bf8985207bb5b0c44a65ef28.ssl.cf4.rackcdn.com/Product-190x190/d0a9f165-ba92-4e12-971f-2604e561ec2f.jpg,https://bcc53877d7aa0a135b9a-1452ca75bf8985207bb5b0c44a65ef28.ssl.cf4.rackcdn.com/Product-190x190/4a63ed25-d225-4b60-a21c-00738ba241b3.jpg",,100510
Dimplex Chevalier 2kW Electric Stove,"The Dimplex Chevalier is an authentic, cast iron styled electric stove, an ideal alternative to traditional wood burning/solid fuel stove. Adding to the stove authenticity, the Chevalier uses Optiflame technology creating a realistic flame effect which can be operated with or without heat, making it ideal for use all year round. Completing the look, the Chevalier has opening doors finishing off its realistic appearance. Electric fires are easy to operate as there is little or no installation required. ",https://www.homebase.co.uk/dimplex-chevalier-2kw-electric-stove_p128905,399,"https://bcc53877d7aa0a135b9a-1452ca75bf8985207bb5b0c44a65ef28.ssl.cf4.rackcdn.com/Product-190x190/58b8e9c1-934b-4c08-97a6-047bf9dcb401.jpg,https://bcc53877d7aa0a135b9a-1452ca75bf8985207bb5b0c44a65ef28.ssl.cf4.rackcdn.com/Product-190x190/18c2c97a-c8a9-4941-bead-d456825761a7.jpg,https://bcc53877d7aa0a135b9a-1452ca75bf8985207bb5b0c44a65ef28.ssl.cf4.rackcdn.com/Product-190x190/9386ee9b-17f0-47d9-bd18-22f442e5ff13.jpg,https://bcc53877d7aa0a135b9a-1452ca75bf8985207bb5b0c44a65ef28.ssl.cf4.rackcdn.com/Product-190x190/617f95e3-2f6e-4503-9998-fe59c4db5e16.jpg,https://bcc53877d7aa0a135b9a-1452ca75bf8985207bb5b0c44a65ef28.ssl.cf4.rackcdn.com/Product-190x190/42cef840-f0e3-441f-b9e9-d31ce25941cd.jpg,https://bcc53877d7aa0a135b9a-1452ca75bf8985207bb5b0c44a65ef28.ssl.cf4.rackcdn.com/Product-190x190/113b8ca2-5064-4fd9-87c3-6db82b378fcf.jpg",,128905
1800W Electric Stove,"This Electric Stove has a reassuring traditional design, with realistic smouldering coal effect.  It has two heat settings, adjustable thermostat and overheat protection for safety.",https://www.homebase.co.uk/1800w-electric-stove_p470132,120,https://bcc53877d7aa0a135b9a-1452ca75bf8985207bb5b0c44a65ef28.ssl.cf4.rackcdn.com/Product-190x190/f26f3913-5355-439e-a10a-c1934f39d6fb.jpg,,470132
Antique Pewter Coal Bucket,"This pewter fireplace coal bucket is not only a necessary fireside accessory, but with a classic, timeless design it also looks great too. Use this set to ensure your coal or logs are stored dry and safe.",https://www.homebase.co.uk/antique-pewter-coal-bucket_p481958,22.99,https://bcc53877d7aa0a135b9a-1452ca75bf8985207bb5b0c44a65ef28.ssl.cf4.rackcdn.com/Product-190x190/a88712e5-dcfd-4dd4-97d9-ad1049a80c46.jpg,,481958
Karcher Rotary Wash Brush,"The Karcher WB 100 rotating wash brush is perfect for cleaning all smooth surfaces, e.g. paint, glass or plastic. This wash brush comes with a number of features allowing for a superior clean with the minimum of effort: rotating bristles with gentle cleaning action, 180 degree infinitely adjustable joint on handle for cleaning difficult to reach areas , infinitely adjustable speed and detergent dosing, easy to change brush attachment, outer protector ring for protection against scratches and union nut for secure gun connection. This brush is suitable for all Karcher K2 and K7 series pressure washers making it a great addition to your outdoor cleaning kit.",https://www.homebase.co.uk/karcher-rotary-wash-brush_p142472,29.74,"https://bcc53877d7aa0a135b9a-1452ca75bf8985207bb5b0c44a65ef28.ssl.cf4.rackcdn.com/Product-190x190/8b595e75-298a-43ba-bb67-9e27a24258f5.jpg,https://bcc53877d7aa0a135b9a-1452ca75bf8985207bb5b0c44a65ef28.ssl.cf4.rackcdn.com/Product-190x190/77170f8b-4521-41bd-9fe4-cf62b1f0b04e.jpg,https://bcc53877d7aa0a135b9a-1452ca75bf8985207bb5b0c44a65ef28.ssl.cf4.rackcdn.com/Product-190x190/e7d8ce97-8047-41de-90a9-4b893226e3d1.jpg,https://bcc53877d7aa0a135b9a-1452ca75bf8985207bb5b0c44a65ef28.ssl.cf4.rackcdn.com/Product-190x190/cab0d77b-aca6-4f10-9bf9-d72224ae52ae.jpg,https://bcc53877d7aa0a135b9a-1452ca75bf8985207bb5b0c44a65ef28.ssl.cf4.rackcdn.com/Product-190x190/cf180ae1-7916-4932-a7cc-ffa8f39b6bf4.jpg",,142472
Mondella Monaco Single Lever Tap - Chrome,"The single lever tap from the Mondella Monaco collection has a classic design with a slightly longer reach than a traditional tap, allowing you to set it a little further back from your sink.",https://www.homebase.co.uk/mondella-monaco-single-lever-tap-chrome_p423980,69,https://bcc53877d7aa0a135b9a-1452ca75bf8985207bb5b0c44a65ef28.ssl.cf4.rackcdn.com/Product-190x190/297c8a50-484f-4ba7-bb5d-faa5fdcd79d4.jpg,,423980
Mansion Curved Fire Guard,Spark Guard is designed to be placed in front of an open fire to give protection from flying sparks and embers.,https://www.homebase.co.uk/mansion-curved-fire-guard_p225414,25.99,https://bcc53877d7aa0a135b9a-1452ca75bf8985207bb5b0c44a65ef28.ssl.cf4.rackcdn.com/Product-190x190/f2a4f9c6-0f09-4bec-944b-27ffff66480e.jpg,,225414
Helios Brushed Steel Electric Fire,"The Adam Helios is finished in a sleek, brushed steel body with a natural pebble bed and warm, ambient glow effect and comes with three different settings: 1kW and 2kW heat output, along with glow only features which makes this fire highly functional and versatile as well.",https://www.homebase.co.uk/helios-brushed-steel-electric-fire_p499562,110,"https://bcc53877d7aa0a135b9a-1452ca75bf8985207bb5b0c44a65ef28.ssl.cf4.rackcdn.com/Product-190x190/d26c3c9c-697b-461a-96b2-cea74ce6a06c.jpg,https://bcc53877d7aa0a135b9a-1452ca75bf8985207bb5b0c44a65ef28.ssl.cf4.rackcdn.com/Product-190x190/03d78f29-6f7f-45fc-8104-4dedc2a31ba4.jpg,https://bcc53877d7aa0a135b9a-1452ca75bf8985207bb5b0c44a65ef28.ssl.cf4.rackcdn.com/Product-190x190/a5e451a0-c878-46c3-82e9-d8f740cd9445.jpg",,499562
Be Modern Vitesse Inset Electric Fire - Chrome,"Sitting comfortably in any surround design, the Vitesse inset electric LED fire is a popular favourite. The contemporary design with stunning Chrome trim creates a striking centrepiece. Eye catching flickering flames are displayed upon glowing, smouldering coals, accompanied by comforting instant heat for the ultimate relaxing experience.      ",https://www.homebase.co.uk/be-modern-vitesse-inset-electric-fire-chrome_p479923,199,"https://bcc53877d7aa0a135b9a-1452ca75bf8985207bb5b0c44a65ef28.ssl.cf4.rackcdn.com/Product-190x190/5bcb5d66-956a-4bf8-8787-fd8ba2234dba.jpg,https://bcc53877d7aa0a135b9a-1452ca75bf8985207bb5b0c44a65ef28.ssl.cf4.rackcdn.com/Product-190x190/ab328117-e088-460b-a22e-9932a11cbc96.jpg,https://bcc53877d7aa0a135b9a-1452ca75bf8985207bb5b0c44a65ef28.ssl.cf4.rackcdn.com/Product-190x190/7d3ef951-65ff-45b1-906d-ea6c569edbe1.jpg,https://bcc53877d7aa0a135b9a-1452ca75bf8985207bb5b0c44a65ef28.ssl.cf4.rackcdn.com/Product-190x190/b3ef2f2f-e237-40c2-809d-15bd2c7cd810.jpg",,479923
Scandia Eco Fan Black,The Eco Fan can be positioned on the top panel of any radiant wood fire for the thermally powered motor to gently circulate warm air around in any room.,https://www.homebase.co.uk/scandia-eco-fan-black_p479770,40,https://bcc53877d7aa0a135b9a-1452ca75bf8985207bb5b0c44a65ef28.ssl.cf4.rackcdn.com/Product-190x190/c81d34df-be79-4ff9-b271-e87ce0ea5b7a.png,,479770
Plated - Ret Met Easyfit Pendant Brass,A beautiful and striking pendant that is ideal for all modern rooms.,https://www.homebase.co.uk/plated-ret-met-easyfit-pendant-brass_p432425,20,https://bcc53877d7aa0a135b9a-1452ca75bf8985207bb5b0c44a65ef28.ssl.cf4.rackcdn.com/Product-190x190/a526ae50-cd7e-4313-b8a8-e63dea2a1df8.jpg,,432425
Antique Pewter Top Companion Set,"This pewter fireplace companion set is not only a necessary fireside accessory, but it also looks great too.  Each tool has a classic, timeless look and sits on a convenient stand for storage.  Use this set to ensure your fireplace works well and looks great too.",https://www.homebase.co.uk/antique-pewter-top-companion-set_p481957,24.99,https://bcc53877d7aa0a135b9a-1452ca75bf8985207bb5b0c44a65ef28.ssl.cf4.rackcdn.com/Product-190x190/b6f85521-521a-4c24-878c-9c0d017f6888.jpg,,481957
Lustre Iridescent Layered Pendant Light,A striking and beautiful pendant light that is ideal for any modern room.,https://www.homebase.co.uk/lustre-iridescent-layered-pendant-light_p471218,20,https://bcc53877d7aa0a135b9a-1452ca75bf8985207bb5b0c44a65ef28.ssl.cf4.rackcdn.com/Product-190x190/5e63da8e-8ba5-47c9-9cce-3cbaf181a55b.jpg,,471218
Abaca Pendant Light - Brown,A striking and beautiful pendant light that is ideal for any modern room.,https://www.homebase.co.uk/abaca-pendant-light-brown_p393581,12,"https://bcc53877d7aa0a135b9a-1452ca75bf8985207bb5b0c44a65ef28.ssl.cf4.rackcdn.com/Product-190x190/1bb34596-38e5-4f4b-8577-f858ab7dca2d.jpg,https://bcc53877d7aa0a135b9a-1452ca75bf8985207bb5b0c44a65ef28.ssl.cf4.rackcdn.com/Product-190x190/70994d89-fce7-4475-aa45-a85c14a46f72.jpg",,393581
Four Way Fire Guard - 21inch,"This simple 21 inch Four Way Fire Screen is simple and effective, its black contemporary colour ensures that it fits perfectly into any room in your home.",https://www.homebase.co.uk/four-way-fire-guard-21inch_p417678,18.49,"https://bcc53877d7aa0a135b9a-1452ca75bf8985207bb5b0c44a65ef28.ssl.cf4.rackcdn.com/Product-190x190/25f63e2a-4341-4ef3-b8f5-f762f6d15609.jpg,https://bcc53877d7aa0a135b9a-1452ca75bf8985207bb5b0c44a65ef28.ssl.cf4.rackcdn.com/Product-190x190/3c0aca79-004c-4e5f-b6ef-622cc6f66d4a.jpg,https://bcc53877d7aa0a135b9a-1452ca75bf8985207bb5b0c44a65ef28.ssl.cf4.rackcdn.com/Product-190x190/feb80db3-3fab-48a9-983d-a0a2c68e39fe.jpg,https://bcc53877d7aa0a135b9a-1452ca75bf8985207bb5b0c44a65ef28.ssl.cf4.rackcdn.com/Product-190x190/92547657-3fd7-4368-becb-4c47301162f7.jpg,https://bcc53877d7aa0a135b9a-1452ca75bf8985207bb5b0c44a65ef28.ssl.cf4.rackcdn.com/Product-190x190/461fb4b0-9652-4d0f-92af-9d480aabe04f.jpg",,417678
Bird Cage Easy Fit Pendent,This charming birdcage pendant shade is the perfect complement to any decor scheme.,https://www.homebase.co.uk/bird-cage-easy-fit-pendent_p410647,13,https://bcc53877d7aa0a135b9a-1452ca75bf8985207bb5b0c44a65ef28.ssl.cf4.rackcdn.com/Product-190x190/e48d1730-8826-4201-b8c9-9e0c636c6f00.jpg,,410647
Glenrowan Easy Fit Pendant Light - Chrome,"The Glenrowan pendant light's striking, contemporary design and easy fit function makes it an ideal main light source for almost any room.",https://www.homebase.co.uk/glenrowan-easy-fit-pendant-light-chrome_p471113,15,https://bcc53877d7aa0a135b9a-1452ca75bf8985207bb5b0c44a65ef28.ssl.cf4.rackcdn.com/Product-190x190/2fbbc764-06ed-4dc6-90db-f409a1a99e8a.jpg,,471113
Karcher Suction Hose and Filter,"This suction hose and filter allows you to connect your Karcher pressure washer to water from a sources such as water butts, ponds and buckets.",https://www.homebase.co.uk/karcher-suction-hose-and-filter_p270171,36.74,"https://bcc53877d7aa0a135b9a-1452ca75bf8985207bb5b0c44a65ef28.ssl.cf4.rackcdn.com/Product-190x190/a73e3e9e-de13-47b9-9d55-965d75ae478b.jpg,https://bcc53877d7aa0a135b9a-1452ca75bf8985207bb5b0c44a65ef28.ssl.cf4.rackcdn.com/Product-190x190/f8204cc8-fbb4-44e2-9d86-04a3bee08e65.jpg,https://bcc53877d7aa0a135b9a-1452ca75bf8985207bb5b0c44a65ef28.ssl.cf4.rackcdn.com/Product-190x190/d672e425-1d29-499b-9f98-30bd09ffcd50.jpg,https://bcc53877d7aa0a135b9a-1452ca75bf8985207bb5b0c44a65ef28.ssl.cf4.rackcdn.com/Product-190x190/c76ee00f-4a59-473c-ad34-ec5b0eedf331.jpg",,270171
Mansion Antique Brass Effect Fire Guard,Fireside screen consisting of a curved panel with handle. Size fits most standard fireplaces.,https://www.homebase.co.uk/mansion-antique-brass-effect-fire-guard_p383095,24.99,https://bcc53877d7aa0a135b9a-1452ca75bf8985207bb5b0c44a65ef28.ssl.cf4.rackcdn.com/Product-190x190/c7ccab2b-1613-4407-bf88-987baabadcf6.jpg,,383095
Mansion Heritage Antique Brass Medium Coal Hod,Fireside coal bucket for practical storage of solid fuels or for use as a decorative furnishing to enhance any fireplace.,https://www.homebase.co.uk/mansion-heritage-antique-brass-medium-coal-hod_p219009,25.99,"https://bcc53877d7aa0a135b9a-1452ca75bf8985207bb5b0c44a65ef28.ssl.cf4.rackcdn.com/Product-190x190/92ff7e9d-c1ac-467a-8f81-01261624d5b9.jpg,https://bcc53877d7aa0a135b9a-1452ca75bf8985207bb5b0c44a65ef28.ssl.cf4.rackcdn.com/Product-190x190/391ed146-7238-4b8a-8528-a3674132caec.jpg,https://bcc53877d7aa0a135b9a-1452ca75bf8985207bb5b0c44a65ef28.ssl.cf4.rackcdn.com/Product-190x190/9aa62627-fb27-402e-a75e-5dbee227ebe5.jpg,https://bcc53877d7aa0a135b9a-1452ca75bf8985207bb5b0c44a65ef28.ssl.cf4.rackcdn.com/Product-190x190/5d804bc9-e5cf-47c7-8ffb-50bb19669937.jpg,https://bcc53877d7aa0a135b9a-1452ca75bf8985207bb5b0c44a65ef28.ssl.cf4.rackcdn.com/Product-190x190/dcae4fa3-6a5b-4846-8c80-9e801beb23cb.jpg",,219009
Dimplex Cheriton Electric Freestanding Fire - 2kW,"The Dimplex 2 kW Cheriton electric fire is designed to be used freestanding flat against a wall. Supplied assembled, it is very easy to set up. It has a deep black finish and brass effect trims and frets, creating a touch of warmth in any home. This fire boasts a real coal bed for added authenticity, it has two heat settings and uses Optiflame technology, which includes a flame only setting. The Cheriton has BEAB approval (British Electrotechnical Approvals Board), British and European safety standards.",https://www.homebase.co.uk/dimplex-cheriton-electric-freestanding-fire-2kw_p344234,195,"https://bcc53877d7aa0a135b9a-1452ca75bf8985207bb5b0c44a65ef28.ssl.cf4.rackcdn.com/Product-190x190/2dded9c4-0346-4ec5-a58e-5097adabb7e1.jpg,https://bcc53877d7aa0a135b9a-1452ca75bf8985207bb5b0c44a65ef28.ssl.cf4.rackcdn.com/Product-190x190/fa7100d3-f774-4c78-a1da-ab2c3fa9ad33.jpg",,344234
Daytona SE Electric Inset Fire - Black,"If you are looking for a traditional feel, the Daytona is the perfect addition to your home. A slick Matt Black finish is highlighted with a stunning Brass inlay, drawing attention to the smouldering coals with a dancing, flickering flame performance within.  ",https://www.homebase.co.uk/daytona-se-electric-inset-fire-black_p100466,139,https://bcc53877d7aa0a135b9a-1452ca75bf8985207bb5b0c44a65ef28.ssl.cf4.rackcdn.com/Product-190x190/c52ce3ce-184b-46fa-a822-c3270a6315ac.jpg,,100466
Be Modern Vitesse Inset Electric Fire - Brass,"Sitting comfortably in any surround design, the Vitesse inset electric LED fire is a popular favourite. The contemporary design with stunning Brass trim creates a striking centrepiece. Eye catching flickering flames are displayed upon glowing, smouldering coals, accompanied by comforting instant heat for the ultimate relaxing experience.      ",https://www.homebase.co.uk/be-modern-vitesse-inset-electric-fire-brass_p479922,199,"https://bcc53877d7aa0a135b9a-1452ca75bf8985207bb5b0c44a65ef28.ssl.cf4.rackcdn.com/Product-190x190/9365807f-2d0d-43fa-afd7-ab4f810eb294.jpg,https://bcc53877d7aa0a135b9a-1452ca75bf8985207bb5b0c44a65ef28.ssl.cf4.rackcdn.com/Product-190x190/c9cf9f28-c3be-41f0-9ea7-21f6c7656e8d.jpg,https://bcc53877d7aa0a135b9a-1452ca75bf8985207bb5b0c44a65ef28.ssl.cf4.rackcdn.com/Product-190x190/3c58a4af-ba59-455b-adc6-99c7cb415791.jpg,https://bcc53877d7aa0a135b9a-1452ca75bf8985207bb5b0c44a65ef28.ssl.cf4.rackcdn.com/Product-190x190/e3f8d9b0-407f-4e91-a376-b7848d7e546e.jpg",,479922
Classic Glass Light Pendant,"The antique styled Classic Glass Pendant featuring its gorgeous patterned glass, is sure to add a glamorous touch to any interior space.",https://www.homebase.co.uk/classic-glass-light-pendant_p410833,20,https://bcc53877d7aa0a135b9a-1452ca75bf8985207bb5b0c44a65ef28.ssl.cf4.rackcdn.com/Product-190x190/60c6bfe3-01b2-4468-ae3a-f7939b7d7fe0.jpg,,410833
White Abaca Straight Cylinder Pendant Light,Wrapped abaca tall barrel shaped lampshade.,https://www.homebase.co.uk/white-abaca-straight-cylinder-pendant-light_p471258,15,"https://bcc53877d7aa0a135b9a-1452ca75bf8985207bb5b0c44a65ef28.ssl.cf4.rackcdn.com/Product-190x190/12774c01-1db9-4fab-ba8d-d08802f7ed58.jpg,https://bcc53877d7aa0a135b9a-1452ca75bf8985207bb5b0c44a65ef28.ssl.cf4.rackcdn.com/Product-190x190/3db306dd-ae52-4c95-ab44-fb423e1a564f.jpg",,471258
Mondella Resonance Single Lever Kitchen Tap - Chrome,The Resonance tap from Mondella provides a smart and high quality finish to your sink.,https://www.homebase.co.uk/mondella-resonance-single-lever-kitchen-tap-chrome_p447194,69,https://bcc53877d7aa0a135b9a-1452ca75bf8985207bb5b0c44a65ef28.ssl.cf4.rackcdn.com/Product-190x190/b8de8f2f-ad74-4fa2-90dd-cbf16adc21f0.jpg,,447194
Suncrest Copley Oak Electric Suite,You'll be nothing but impressed by the realistic effect of the dancing flames with this electric fireplace. The outer surround is a Natural Oak  finish with a White texured frame around the fire. Instant warmth is provided by the 1 and 2kW electric fire. A stunning fireplace for your home.,https://www.homebase.co.uk/suncrest-copley-oak-electric-suite_p499125,589,"https://bcc53877d7aa0a135b9a-1452ca75bf8985207bb5b0c44a65ef28.ssl.cf4.rackcdn.com/Product-190x190/1ef40d3f-ddb7-40c0-9252-bf74cbcdad24.jpg,https://bcc53877d7aa0a135b9a-1452ca75bf8985207bb5b0c44a65ef28.ssl.cf4.rackcdn.com/Product-190x190/6367e249-3d74-4d8c-91ec-8a2951993366.jpg",,499125
Suncrest Raby Electric Fireplace Suite,"The Raby electric fireplace has a bold and solid appearance that proudly displays an impressive widescreen fire with a glowing log bed. With no requirement for a flue or chimney, you can position the fireplace exactly where you want it.",https://www.homebase.co.uk/suncrest-raby-electric-fireplace-suite_p472376,550,https://bcc53877d7aa0a135b9a-1452ca75bf8985207bb5b0c44a65ef28.ssl.cf4.rackcdn.com/Product-190x190/a8d6a8a4-4f45-495b-acc3-7c0336b88ba5.png,,472376
Plated - Ret Met Easyfit Pendant - Copper,This simple yet stylish pendant light will complement any decor scheme in your home.,https://www.homebase.co.uk/plated-ret-met-easyfit-pendant-copper_p432423,20,https://bcc53877d7aa0a135b9a-1452ca75bf8985207bb5b0c44a65ef28.ssl.cf4.rackcdn.com/Product-190x190/4e03e7eb-faa1-4f66-a61c-6c0defb21b83.jpg,,432423
Fold Porcelain Pendant Ceiling Light - White,The Flo pendant ceiling light's gorgeous white porcelain design and fabric cable will add style and a sense of comfort to any room.,https://www.homebase.co.uk/fold-porcelain-pendant-ceiling-light-white_p395483,18.40,https://bcc53877d7aa0a135b9a-1452ca75bf8985207bb5b0c44a65ef28.ssl.cf4.rackcdn.com/Product-190x190/94f5c972-ac57-443f-a864-ca3af78cb22f.jpg,,395483
Grey Abaca Straight Cylinder Pendant Light,Wrapped abaca tall barrel shaped lampshade.,https://www.homebase.co.uk/grey-abaca-straight-cylinder-pendant-light_p471261,15,"https://bcc53877d7aa0a135b9a-1452ca75bf8985207bb5b0c44a65ef28.ssl.cf4.rackcdn.com/Product-190x190/76e66e47-779b-42e5-9e9c-c08ee30facd2.jpg,https://bcc53877d7aa0a135b9a-1452ca75bf8985207bb5b0c44a65ef28.ssl.cf4.rackcdn.com/Product-190x190/6218653d-ea62-47c6-b524-ec908a9eb635.jpg",,471261
Pandora Chrome Cut Out Metal Pendant,A striking and beautiful metal pendant that is ideal for any modern room.,https://www.homebase.co.uk/pandora-chrome-cut-out-metal-pendant_p471386,19.89,"https://bcc53877d7aa0a135b9a-1452ca75bf8985207bb5b0c44a65ef28.ssl.cf4.rackcdn.com/Product-190x190/4af92534-525c-4d86-9016-1ef0fcab5c56.JPG,https://bcc53877d7aa0a135b9a-1452ca75bf8985207bb5b0c44a65ef28.ssl.cf4.rackcdn.com/Product-190x190/2acb5782-366b-46dc-a0de-097ae5119807.JPG",,471386
Karcher Deluxe Wash Brush,"This wash brush is ideal for cleaning large areas, such as cars, caravans, boats, conservatories or roller shutters.",https://www.homebase.co.uk/karcher-deluxe-wash-brush_p142473,22.50,"https://bcc53877d7aa0a135b9a-1452ca75bf8985207bb5b0c44a65ef28.ssl.cf4.rackcdn.com/Product-190x190/39ab4575-caf1-481f-b82c-11f0a48fe0c8.jpg,https://bcc53877d7aa0a135b9a-1452ca75bf8985207bb5b0c44a65ef28.ssl.cf4.rackcdn.com/Product-190x190/e3b16560-776f-401c-9a89-1f82a966507a.jpg,https://bcc53877d7aa0a135b9a-1452ca75bf8985207bb5b0c44a65ef28.ssl.cf4.rackcdn.com/Product-190x190/05c19fc0-babd-4c3c-a58c-293238618431.jpg,https://bcc53877d7aa0a135b9a-1452ca75bf8985207bb5b0c44a65ef28.ssl.cf4.rackcdn.com/Product-190x190/0ad53446-be56-4f57-8e80-2358454a0573.jpg,https://bcc53877d7aa0a135b9a-1452ca75bf8985207bb5b0c44a65ef28.ssl.cf4.rackcdn.com/Product-190x190/5f8ef607-1878-4a18-8c94-1def976f0cf2.jpg",,142473
Samba Easy Fit Pendant Light,"This Samba easy fit pendant has a chrome frame with clear bead detail for a stylish, elegant look.",https://www.homebase.co.uk/samba-easy-fit-pendant-light_p277775,15,"https://bcc53877d7aa0a135b9a-1452ca75bf8985207bb5b0c44a65ef28.ssl.cf4.rackcdn.com/Product-190x190/765b73ce-55ce-4336-9818-5be44b79d76c.jpg,https://bcc53877d7aa0a135b9a-1452ca75bf8985207bb5b0c44a65ef28.ssl.cf4.rackcdn.com/Product-190x190/87a7c992-0ca7-46ac-b7bf-3194cdbf97ac.jpg",,277775
Adam Helios 2kW Electric Inset Fire - Brushed Steel,"The Adam Helios Electric Fire has an ambient glow flame effect, that along with the natural pebble bed creates a warm, atmospheric interior. With a brushed steel body and a supplied 50mm spacer to help you adjust inset-depth, this is a functional fire that can be combined with a great number of surrounds and hearths to create your perfect fireplace.",https://www.homebase.co.uk/adam-helios-2kw-electric-inset-fire-brushed-steel_p078564,110,"https://bcc53877d7aa0a135b9a-1452ca75bf8985207bb5b0c44a65ef28.ssl.cf4.rackcdn.com/Product-190x190/38cd01f5-fdd9-4d25-9d3d-a8f6082d33af.jpg,https://bcc53877d7aa0a135b9a-1452ca75bf8985207bb5b0c44a65ef28.ssl.cf4.rackcdn.com/Product-190x190/d89c2074-d41e-4843-8e07-5f29b85ff738.jpg,https://bcc53877d7aa0a135b9a-1452ca75bf8985207bb5b0c44a65ef28.ssl.cf4.rackcdn.com/Product-190x190/50096552-1416-4b41-8b27-30b8b02760f3.jpg,https://bcc53877d7aa0a135b9a-1452ca75bf8985207bb5b0c44a65ef28.ssl.cf4.rackcdn.com/Product-190x190/115e6311-3697-4418-bc00-4f348be11dda.jpg,https://bcc53877d7aa0a135b9a-1452ca75bf8985207bb5b0c44a65ef28.ssl.cf4.rackcdn.com/Product-190x190/e6907588-521e-4673-8436-d18e979d2a03.jpg,https://bcc53877d7aa0a135b9a-1452ca75bf8985207bb5b0c44a65ef28.ssl.cf4.rackcdn.com/Product-190x190/a259ee67-dc8c-4eea-a838-84d3bf688c8a.jpg,https://bcc53877d7aa0a135b9a-1452ca75bf8985207bb5b0c44a65ef28.ssl.cf4.rackcdn.com/Product-190x190/1a9b7ec2-059e-416c-adfa-8ec9a7807e19.jpg",,078564
Dimplex 2KW Casper Electric Stove,"Freestanding traditional style compact electric stove, with a black cast-iron effect finish and an opening front door. ",https://www.homebase.co.uk/dimplex-2kw-casper-electric-stove_p479300,110,"https://bcc53877d7aa0a135b9a-1452ca75bf8985207bb5b0c44a65ef28.ssl.cf4.rackcdn.com/Product-190x190/7741b0c1-572a-4d6f-b1bf-fbe84644c0cc.jpg,https://bcc53877d7aa0a135b9a-1452ca75bf8985207bb5b0c44a65ef28.ssl.cf4.rackcdn.com/Product-190x190/bc976f91-aa0b-4e5e-b357-950bce9a7e8b.jpg,https://bcc53877d7aa0a135b9a-1452ca75bf8985207bb5b0c44a65ef28.ssl.cf4.rackcdn.com/Product-190x190/29574f20-73e5-4fc1-aed1-d96e5a545a2a.jpg,https://bcc53877d7aa0a135b9a-1452ca75bf8985207bb5b0c44a65ef28.ssl.cf4.rackcdn.com/Product-190x190/691586ca-5737-453c-95f3-31f1ae9c35ec.jpg,https://bcc53877d7aa0a135b9a-1452ca75bf8985207bb5b0c44a65ef28.ssl.cf4.rackcdn.com/Product-190x190/69e60e04-28c7-4d91-b964-4fa3837a8eaa.jpg",,479300
Painted - Ret Met Easyfit Pendant - Grey,This simple yet stylish pendant light will complement any decor scheme in your home.,https://www.homebase.co.uk/painted-ret-met-easyfit-pendant-grey_p432421,15,https://bcc53877d7aa0a135b9a-1452ca75bf8985207bb5b0c44a65ef28.ssl.cf4.rackcdn.com/Product-190x190/e7dff931-9dad-4d60-9eb6-7f93cc1041b5.jpg,,432421
Josie Capiz Teardrop Pendant,"Teardrop shaped capiz mobile style easyfit pendant, cascading from a frame.",https://www.homebase.co.uk/josie-capiz-teardrop-pendant_p471251,19.50,"https://bcc53877d7aa0a135b9a-1452ca75bf8985207bb5b0c44a65ef28.ssl.cf4.rackcdn.com/Product-190x190/90f0076b-c56f-4781-860d-44a636010d02.jpg,https://bcc53877d7aa0a135b9a-1452ca75bf8985207bb5b0c44a65ef28.ssl.cf4.rackcdn.com/Product-190x190/c2268171-800f-44f5-919b-59be0cc2dcc8.jpg",,471251
Abaca Pendant Light - Natural,A striking and beautiful pendant light that is ideal for any modern room.,https://www.homebase.co.uk/abaca-pendant-light-natural_p393580,12,"https://bcc53877d7aa0a135b9a-1452ca75bf8985207bb5b0c44a65ef28.ssl.cf4.rackcdn.com/Product-190x190/fa51995e-e35f-4f50-b221-7c4b5e606f48.jpg,https://bcc53877d7aa0a135b9a-1452ca75bf8985207bb5b0c44a65ef28.ssl.cf4.rackcdn.com/Product-190x190/7dae8f25-8547-4fa0-b2aa-b5fcc1a16da1.jpg",,393580
Grey Strip Pendant Light,"Capiz shells in slim rectangular shapes, made into a cylindrical easy fit pendant.",https://www.homebase.co.uk/grey-strip-pendant-light_p471255,15,"https://bcc53877d7aa0a135b9a-1452ca75bf8985207bb5b0c44a65ef28.ssl.cf4.rackcdn.com/Product-190x190/924ec0b7-ab5b-4a2b-9cdf-41a489cc675e.jpg,https://bcc53877d7aa0a135b9a-1452ca75bf8985207bb5b0c44a65ef28.ssl.cf4.rackcdn.com/Product-190x190/c669888d-3f2d-4f5a-8948-19daee222d7e.jpg",,471255
Mondella Modena Single Lever Tap - Black & Chrome,The Modena kitchen tap adds a bit of colour contrast to a classic design.,https://www.homebase.co.uk/mondella-modena-single-lever-tap-black-chrome_p423984,79,https://bcc53877d7aa0a135b9a-1452ca75bf8985207bb5b0c44a65ef28.ssl.cf4.rackcdn.com/Product-190x190/6e47d500-02b6-464b-8667-059031be834a.jpg,,423984
Estilo Creta Pull Out Tap,The Creta pull out tap provides fantastic functionality within a relatively small form.,https://www.homebase.co.uk/estilo-creta-pull-out-tap_p423999,59,https://bcc53877d7aa0a135b9a-1452ca75bf8985207bb5b0c44a65ef28.ssl.cf4.rackcdn.com/Product-190x190/113330dc-67ff-4736-9c5f-1142053846f2.jpg,,423999
Mondella Forli Single Lever Tap - Chrome,"Mondella's Forli single lever tap will give a compact, neat and clean finish to your kitchen sink.",https://www.homebase.co.uk/mondella-forli-single-lever-tap-chrome_p423985,89,https://bcc53877d7aa0a135b9a-1452ca75bf8985207bb5b0c44a65ef28.ssl.cf4.rackcdn.com/Product-190x190/7093ddac-b3ff-4e13-8328-d8c07501a407.jpg,,423985
Mondella Resonance Funk Single Lever Kitchen Mixer Tap - Brushed Nickel,Functional and contemporary Euro style featuring a ceramic cartridge for smooth operation.,https://www.homebase.co.uk/mondella-resonance-funk-single-lever-kitchen-mixer-tap-brushed-nickel_p458689,79,https://bcc53877d7aa0a135b9a-1452ca75bf8985207bb5b0c44a65ef28.ssl.cf4.rackcdn.com/Product-190x190/deca9362-4afa-4566-aeb3-2fd36638fde7.jpg,,458689
Mondella Monaco Single Lever Tap - Brushed Nickel,"The single lever tap from the Mondella Monaco collection has a classic design with a slightly longer reach than a traditional tap, allowing you to set it a little further back from your sink.",https://www.homebase.co.uk/mondella-monaco-single-lever-tap-brushed-nickel_p423982,69,https://bcc53877d7aa0a135b9a-1452ca75bf8985207bb5b0c44a65ef28.ssl.cf4.rackcdn.com/Product-190x190/6dfbd160-6585-413d-9188-7e49185e8fef.jpg,,423982
Forrest Laser Cut Tree Non Electric Pendant Light,A beautiful and striking pendant light that will suit any room of all styles.,https://www.homebase.co.uk/forrest-laser-cut-tree-non-electric-pendant-light_p393676,15,"https://bcc53877d7aa0a135b9a-1452ca75bf8985207bb5b0c44a65ef28.ssl.cf4.rackcdn.com/Product-190x190/ba38be85-5a45-40ea-8281-d88d971c048e.jpg,https://bcc53877d7aa0a135b9a-1452ca75bf8985207bb5b0c44a65ef28.ssl.cf4.rackcdn.com/Product-190x190/88cdcd82-72ae-4586-a525-6c073e55e4ad.jpg",,393676
Dakota Metal Pendant Ceiling Light - Mulberry Red,The Dakota pendant ceiling light's striking mulberry metal shade and wooden top will add a striking and beautiful aesthetic to your room.,https://www.homebase.co.uk/dakota-metal-pendant-ceiling-light-mulberry-red_p395463,19.99,https://bcc53877d7aa0a135b9a-1452ca75bf8985207bb5b0c44a65ef28.ssl.cf4.rackcdn.com/Product-190x190/9e265122-b963-4a31-9d0e-f4cb6d63c98a.jpg,,395463
GROHE Start Kitchen Tap,A contemporary single lever low spout kitchen sink mixer tap that features GROHE's SilkMove technology which enables fingertip control of water flow and temperature.,https://www.homebase.co.uk/grohe-start-kitchen-tap_p404501,99,https://bcc53877d7aa0a135b9a-1452ca75bf8985207bb5b0c44a65ef28.ssl.cf4.rackcdn.com/Product-190x190/433c09f1-9426-4a7f-be4b-ac84ac63335c.jpg,,404501
Karcher Wheel Rim Wash Brush,"The Karcher wheel wash brush has all-round bristles which ensures extremely effective cleaning. This brush reaches all those difficult to reach areas and gets into the smallest of gaps for thoroughly clean wheels and wheel rims. The Karcher wheel wash brush has the added benefit of uniform 360 degree water distribution for dissolving and flushing away the dirt. The quality bristles provide a gentle but efficient cleaning action, for excellent all-round cleaning results. This brush includes a union nut for a secure spray gun connection and ergonomic handle for ease of use. The Karcher wheel washing brush is a great addition to your Karcher pressure washer, suitable for all K2-K7 models.",https://www.homebase.co.uk/karcher-wheel-rim-wash-brush_p142475,25.49,"https://bcc53877d7aa0a135b9a-1452ca75bf8985207bb5b0c44a65ef28.ssl.cf4.rackcdn.com/Product-190x190/490cd43f-b7be-4d39-a4f6-a45ee6ef1096.jpg,https://bcc53877d7aa0a135b9a-1452ca75bf8985207bb5b0c44a65ef28.ssl.cf4.rackcdn.com/Product-190x190/bfc2d928-57b4-444b-aa9a-959a819785f9.jpg,https://bcc53877d7aa0a135b9a-1452ca75bf8985207bb5b0c44a65ef28.ssl.cf4.rackcdn.com/Product-190x190/e09ffe9e-c228-42a8-8755-604269b6274c.jpg,https://bcc53877d7aa0a135b9a-1452ca75bf8985207bb5b0c44a65ef28.ssl.cf4.rackcdn.com/Product-190x190/b168fab3-7bc7-41b4-8981-40ca2d42dd85.jpg,https://bcc53877d7aa0a135b9a-1452ca75bf8985207bb5b0c44a65ef28.ssl.cf4.rackcdn.com/Product-190x190/01ca1c02-d9d7-4d42-9961-9e4009dbc07e.jpg",,142475
Painted - Ret Met Easyfit Pendant - Blue,This simple yet stylish pendant light will complement any decor scheme in your home.,https://www.homebase.co.uk/painted-ret-met-easyfit-pendant-blue_p432422,15,https://bcc53877d7aa0a135b9a-1452ca75bf8985207bb5b0c44a65ef28.ssl.cf4.rackcdn.com/Product-190x190/6ec2f005-47d0-44fb-a47b-7e8c6759922d.jpg,,432422
Natural Abaca Straight Cylinder Pendant Light,A striking and beautiful cylinder pendant that is ideal for any modern room.,https://www.homebase.co.uk/natural-abaca-straight-cylinder-pendant-light_p471257,15,"https://bcc53877d7aa0a135b9a-1452ca75bf8985207bb5b0c44a65ef28.ssl.cf4.rackcdn.com/Product-190x190/30c7d38a-1f32-4692-8ebb-0a475596c81b.jpg,https://bcc53877d7aa0a135b9a-1452ca75bf8985207bb5b0c44a65ef28.ssl.cf4.rackcdn.com/Product-190x190/f23d957b-b1de-48de-9b56-f4ea2dd2a9cf.jpg",,471257
Mondella Miura Single Top Lever Tap - Chrome,A simple design makes the Mondella Miura suitable for most kitchen styles.,https://www.homebase.co.uk/mondella-miura-single-top-lever-tap-chrome_p423979,63,https://bcc53877d7aa0a135b9a-1452ca75bf8985207bb5b0c44a65ef28.ssl.cf4.rackcdn.com/Product-190x190/e63c592c-45e6-4f8f-aff9-75016a4bd350.jpg,,423979
Vision Single Lever Kitchen Tap - Chrome,Modern single lever monobloc tap. Available in a chrome finish.,https://www.homebase.co.uk/vision-single-lever-kitchen-tap-chrome_p368594,69,"https://bcc53877d7aa0a135b9a-1452ca75bf8985207bb5b0c44a65ef28.ssl.cf4.rackcdn.com/Product-190x190/66a0df94-d63f-4f06-8fa9-cb0ae192947f.jpg,https://bcc53877d7aa0a135b9a-1452ca75bf8985207bb5b0c44a65ef28.ssl.cf4.rackcdn.com/Product-190x190/7a6cfb2c-0ba8-4cbe-b4e0-c1d3de4c5d1b.jpg",,368594
Clyne Single Lever Kitchen Tap - Chrome,Modern top lever monobloc tap. Available in a chrome and brushed finish.,https://www.homebase.co.uk/clyne-single-lever-kitchen-tap-chrome_p368571,79,"https://bcc53877d7aa0a135b9a-1452ca75bf8985207bb5b0c44a65ef28.ssl.cf4.rackcdn.com/Product-190x190/924d0abd-24b7-4e8e-99e6-a31b8ca5b7f2.jpg,https://bcc53877d7aa0a135b9a-1452ca75bf8985207bb5b0c44a65ef28.ssl.cf4.rackcdn.com/Product-190x190/875d54d8-fdbc-44d1-8f80-b46e47308cef.jpg",,368571
Karcher - Replacement Hose and Hand Gun,"The Karcher - Replacement Hose and Hand Gun with a 7.5m hose, allows you to work over a large radius.",https://www.homebase.co.uk/karcher-replacement-hose-and-hand-gun_p122045,39,"https://bcc53877d7aa0a135b9a-1452ca75bf8985207bb5b0c44a65ef28.ssl.cf4.rackcdn.com/Product-190x190/cbf5030e-b5c7-4854-a9a0-ccea1116724a.jpg,https://bcc53877d7aa0a135b9a-1452ca75bf8985207bb5b0c44a65ef28.ssl.cf4.rackcdn.com/Product-190x190/7d5987c1-1a21-4e91-bfe0-735d1791d765.jpg,https://bcc53877d7aa0a135b9a-1452ca75bf8985207bb5b0c44a65ef28.ssl.cf4.rackcdn.com/Product-190x190/3b2d82be-74b0-463e-add8-b822dd7c15ec.jpg",,122045
Karcher Connect Clean Ultra Foam Kit FJ10,The Karcher Ultra Foam Detergent and FJ10 C Connect 'n' Clean foam nozzle is the most effective way to apply detergent. Allowing you to switch between detergents for different tasks.,https://www.homebase.co.uk/karcher-connect-clean-ultra-foam-kit-fj10_p142802,24.50,"https://bcc53877d7aa0a135b9a-1452ca75bf8985207bb5b0c44a65ef28.ssl.cf4.rackcdn.com/Product-190x190/aafac419-d6ba-43eb-bf46-dca4ff67219f.jpg,https://bcc53877d7aa0a135b9a-1452ca75bf8985207bb5b0c44a65ef28.ssl.cf4.rackcdn.com/Product-190x190/0cd2fab3-e5aa-40d9-8c5a-280268435e4a.jpg,https://bcc53877d7aa0a135b9a-1452ca75bf8985207bb5b0c44a65ef28.ssl.cf4.rackcdn.com/Product-190x190/7e6e1d13-7d46-45cc-a35f-25fb38827314.jpg,https://bcc53877d7aa0a135b9a-1452ca75bf8985207bb5b0c44a65ef28.ssl.cf4.rackcdn.com/Product-190x190/5ad718bd-c755-4b89-9195-c92c2ef1d974.jpg",,142802
Painted - Ret Met Easyfit Pendant Crm,A beautiful and striking pendant that is ideal for all modern rooms.,https://www.homebase.co.uk/painted-ret-met-easyfit-pendant-crm_p432413,15,https://bcc53877d7aa0a135b9a-1452ca75bf8985207bb5b0c44a65ef28.ssl.cf4.rackcdn.com/Product-190x190/2e41d9af-3916-4e97-9575-616e8146a073.jpg,,432413
Plated - Ret Met Easyfit Pendant Chrome,A beautiful and striking pendant that is ideal for all modern rooms.,https://www.homebase.co.uk/plated-ret-met-easyfit-pendant-chrome_p432414,20,https://bcc53877d7aa0a135b9a-1452ca75bf8985207bb5b0c44a65ef28.ssl.cf4.rackcdn.com/Product-190x190/2776725d-d295-431d-ba9c-a6f32818edcd.jpg,,432414
Carron Phoenix 1.5b Sink & Tap Pack - Stainless Steel,A great value sink and tap package.,https://www.homebase.co.uk/carron-phoenix-1-5b-sink-tap-pack-stainless-steel_p484556,89,https://bcc53877d7aa0a135b9a-1452ca75bf8985207bb5b0c44a65ef28.ssl.cf4.rackcdn.com/Product-190x190/eb956191-d934-44ba-bbbc-88466cffa9e1.jpg,,484556
Mansion Kubu Log Basket,Strong kubu wicker log basket for practical storage of logs or magazines. Can also be used as a decorative furnishing to enhance any fireplace.,https://www.homebase.co.uk/mansion-kubu-log-basket_p383094,22.99,https://bcc53877d7aa0a135b9a-1452ca75bf8985207bb5b0c44a65ef28.ssl.cf4.rackcdn.com/Product-190x190/33bdffc1-1932-429b-af78-5ec4b99b87a1.jpg,,383094
Clyne Single Lever Kitchen Tap - Brushed,Modern top lever monobloc tap. Available in a chrome and brushed finish.,https://www.homebase.co.uk/clyne-single-lever-kitchen-tap-brushed_p368572,79,"https://bcc53877d7aa0a135b9a-1452ca75bf8985207bb5b0c44a65ef28.ssl.cf4.rackcdn.com/Product-190x190/a6463e37-56bd-4f29-b5ae-b1780ef4e517.jpg,https://bcc53877d7aa0a135b9a-1452ca75bf8985207bb5b0c44a65ef28.ssl.cf4.rackcdn.com/Product-190x190/d87ff1b0-16a4-4fb2-b8a5-522d7772ac8d.jpg",,368572
Karcher Pressure Washer Extension Hose - 6m,"This extension hose easily connects Karcher pressure washers to a trigger gun, allowing you to reach a larger work radius.",https://www.homebase.co.uk/karcher-pressure-washer-extension-hose-6m_p142477,39.95,"https://bcc53877d7aa0a135b9a-1452ca75bf8985207bb5b0c44a65ef28.ssl.cf4.rackcdn.com/Product-190x190/07710bf3-2251-46ea-9800-99e9fad65d91.jpg,https://bcc53877d7aa0a135b9a-1452ca75bf8985207bb5b0c44a65ef28.ssl.cf4.rackcdn.com/Product-190x190/b8b28023-b481-4788-8a9c-f5558dd3e2f6.jpg,https://bcc53877d7aa0a135b9a-1452ca75bf8985207bb5b0c44a65ef28.ssl.cf4.rackcdn.com/Product-190x190/47a5b7b2-da20-4675-8a26-5bd5dad125ca.jpg,https://bcc53877d7aa0a135b9a-1452ca75bf8985207bb5b0c44a65ef28.ssl.cf4.rackcdn.com/Product-190x190/4d74dd8b-487e-486d-ac05-40da238c8092.jpg",,142477
Mansion Handmade 25in Antique Brass Finish Loop Top Companion Set,Antique Brass finish loop top companion set suitable for practical or decorative use.,https://www.homebase.co.uk/mansion-handmade-25in-antique-brass-finish-loop-top-companion-set_p219014,29.99,"https://bcc53877d7aa0a135b9a-1452ca75bf8985207bb5b0c44a65ef28.ssl.cf4.rackcdn.com/Product-190x190/8c3831d3-1c36-4943-9ff0-dd68b56c4e24.jpg,https://bcc53877d7aa0a135b9a-1452ca75bf8985207bb5b0c44a65ef28.ssl.cf4.rackcdn.com/Product-190x190/d21cd253-b46c-4948-ac1d-66c726cade75.jpg,https://bcc53877d7aa0a135b9a-1452ca75bf8985207bb5b0c44a65ef28.ssl.cf4.rackcdn.com/Product-190x190/97caa8e3-4258-4245-932f-f121ead878ee.jpg,https://bcc53877d7aa0a135b9a-1452ca75bf8985207bb5b0c44a65ef28.ssl.cf4.rackcdn.com/Product-190x190/b18dba97-9f43-4118-a873-265137ed1bcd.jpg,https://bcc53877d7aa0a135b9a-1452ca75bf8985207bb5b0c44a65ef28.ssl.cf4.rackcdn.com/Product-190x190/bb0e6090-b754-471a-a282-b51139c229bc.jpg",,219014
Funk Single Lever Kitchen Tap - Chrome,Modern top lever monobloc tap. Available in a chrome finish.,https://www.homebase.co.uk/funk-single-lever-kitchen-tap-chrome_p368606,79,https://bcc53877d7aa0a135b9a-1452ca75bf8985207bb5b0c44a65ef28.ssl.cf4.rackcdn.com/Product-190x190/8b4748cc-deb2-4421-a4b7-db94214967b1.jpg,,368606
Scandia Moisture Meter,The Moisture Meter allows you to accurately test aged wood to determine if it is suitably seasoned to provide optimal burning performance.,https://www.homebase.co.uk/scandia-moisture-meter_p479756,25,https://bcc53877d7aa0a135b9a-1452ca75bf8985207bb5b0c44a65ef28.ssl.cf4.rackcdn.com/Product-190x190/12e57ef2-de66-4eeb-8824-30a633607027.png,,479756
Suncrest Lucera Opti-myst Electric Suite,"Using state of the art Opti-myst Technology, a realistic flame effect that is difficult to distinguish from the real thing, complimented with a beautiful white textured surround and concealed heater. ",https://www.homebase.co.uk/suncrest-lucera-opti-myst-electric-suite_p499124,855,"https://bcc53877d7aa0a135b9a-1452ca75bf8985207bb5b0c44a65ef28.ssl.cf4.rackcdn.com/Product-190x190/c03fbe36-1861-47b6-ae3a-3c120d11f44e.jpg,https://bcc53877d7aa0a135b9a-1452ca75bf8985207bb5b0c44a65ef28.ssl.cf4.rackcdn.com/Product-190x190/da085b8f-9ac3-4a63-8e22-94f88af37410.jpg",,499124
Colorado Black Electric Fire,"If it's a sturdy, modern electric fire you're after, few are as versatile as the Adam Colorado. With its black trim and fret, this is a stylish fire that will make your interior positively simmer with style. The fire features an atmospheric bed of glowing coals which work alongside the LED flames to give a smoulderingly realistic flame effect.",https://www.homebase.co.uk/colorado-black-electric-fire_p499563,120,"https://bcc53877d7aa0a135b9a-1452ca75bf8985207bb5b0c44a65ef28.ssl.cf4.rackcdn.com/Product-190x190/006f9f2d-284f-4599-96ed-7a8df2018672.jpg,https://bcc53877d7aa0a135b9a-1452ca75bf8985207bb5b0c44a65ef28.ssl.cf4.rackcdn.com/Product-190x190/a2911afc-a567-41e3-b681-9c2ac0096cd7.jpg,https://bcc53877d7aa0a135b9a-1452ca75bf8985207bb5b0c44a65ef28.ssl.cf4.rackcdn.com/Product-190x190/a85b6e59-227e-415d-bfde-9c69bf6b6207.jpg",,499563
Adam Oxford Electric Stove Suite,This contemporary Adam Oxford Electric Stove Suite is sure to add a touch of sophistication and style to your living space. The contrasting pure white surround and black back panel and hearth are the perfect backdrop for the double doored stove in the centre whilst the realistic LED flames make you feel warm and cosy as you unwind beside it. ,https://www.homebase.co.uk/adam-oxford-electric-stove-suite_p438503,525,"https://bcc53877d7aa0a135b9a-1452ca75bf8985207bb5b0c44a65ef28.ssl.cf4.rackcdn.com/Product-190x190/910c7662-a225-49e2-9a60-9bb0c085ae34.jpg,https://bcc53877d7aa0a135b9a-1452ca75bf8985207bb5b0c44a65ef28.ssl.cf4.rackcdn.com/Product-190x190/0521d3e5-1ca2-4d59-8ab7-c6c6ca18a897.jpg,https://bcc53877d7aa0a135b9a-1452ca75bf8985207bb5b0c44a65ef28.ssl.cf4.rackcdn.com/Product-190x190/7b373614-dd8e-4709-890c-38d47079e4df.jpg",,438503
Scandia Gun Metal Companion Set,The Scandia Gunmetal Fire Tool Set is an outstanding accessory to have with each and every traditional wood fire.,https://www.homebase.co.uk/scandia-gun-metal-companion-set_p479766,40,https://bcc53877d7aa0a135b9a-1452ca75bf8985207bb5b0c44a65ef28.ssl.cf4.rackcdn.com/Product-190x190/9321c47d-9772-464e-8615-45ada6c5a12d.jpg,,479766
Fire Basket,This cast iron Fire Basket is simple and practical with its versatile black colour ensuring it will complement any style fireplace and interior style.,https://www.homebase.co.uk/fire-basket_p434725,26.99,"https://bcc53877d7aa0a135b9a-1452ca75bf8985207bb5b0c44a65ef28.ssl.cf4.rackcdn.com/Product-190x190/adeb744e-1036-4e52-b814-94c08837c1e9.jpg,https://bcc53877d7aa0a135b9a-1452ca75bf8985207bb5b0c44a65ef28.ssl.cf4.rackcdn.com/Product-190x190/773055ac-a079-46ef-a8db-d0543fa45382.jpg,https://bcc53877d7aa0a135b9a-1452ca75bf8985207bb5b0c44a65ef28.ssl.cf4.rackcdn.com/Product-190x190/52ae06bf-8002-4985-9c94-1b96b8bec7fe.jpg,https://bcc53877d7aa0a135b9a-1452ca75bf8985207bb5b0c44a65ef28.ssl.cf4.rackcdn.com/Product-190x190/e0a29864-6048-4ca0-bf6a-2adb3a7e26a6.jpg,https://bcc53877d7aa0a135b9a-1452ca75bf8985207bb5b0c44a65ef28.ssl.cf4.rackcdn.com/Product-190x190/a9f02e15-5459-47a9-a6dc-aa092ba45980.jpg",,434725
Dimplex Clement Electric Inset Fire - 2kW,"The Clement inset fire has a black steel finish and will add a warm touch to your room. This fire benefits from a choice of two heat settings (1 kW or 2 kW), and comes with a log effect fuel bed for added authenticity.",https://www.homebase.co.uk/dimplex-clement-electric-inset-fire-2kw_p859316,120,https://bcc53877d7aa0a135b9a-1452ca75bf8985207bb5b0c44a65ef28.ssl.cf4.rackcdn.com/Product-190x190/4387a745-4da6-4671-bfa7-00d3de39f8da.jpg,,859316
Mansion Coal Bucket with Shovel,"Fireside coal bucket for practical storage of solid fuels, complete with a shovel for use with coal. Can also be used as a decorative furnishing to enhance any fireplace.",https://www.homebase.co.uk/mansion-coal-bucket-with-shovel_p383090,34.99,https://bcc53877d7aa0a135b9a-1452ca75bf8985207bb5b0c44a65ef28.ssl.cf4.rackcdn.com/Product-190x190/1091ea39-b345-4f14-83d1-5e30294339d3.jpg,,383090
Mansion Barrington 5 Piece Companion Set,Companion set suitable for practical or decorative use.,https://www.homebase.co.uk/mansion-barrington-5-piece-companion-set_p383089,26.99,https://bcc53877d7aa0a135b9a-1452ca75bf8985207bb5b0c44a65ef28.ssl.cf4.rackcdn.com/Product-190x190/50e471d7-e894-4112-a076-50def1bb8f61.jpg,,383089
Mansion Waterloo Coal Bucket,Fireside coal bucket for practical storage of solid fuels or for use as a decorative furnishing to enhance any fireplace.,https://www.homebase.co.uk/mansion-waterloo-coal-bucket_p440970,10.99,https://bcc53877d7aa0a135b9a-1452ca75bf8985207bb5b0c44a65ef28.ssl.cf4.rackcdn.com/Product-190x190/cd8feb23-d38b-4a40-bcb1-df4a0f72716d.jpg,,440970
Mansion 25in Four Way Fire Guard,Black fireside screen consisting of four folding mesh panels.,https://www.homebase.co.uk/mansion-25in-four-way-fire-guard_p100507,15,"https://bcc53877d7aa0a135b9a-1452ca75bf8985207bb5b0c44a65ef28.ssl.cf4.rackcdn.com/Product-190x190/5d937d93-1d87-4d2f-9d10-73a880412509.jpg,https://bcc53877d7aa0a135b9a-1452ca75bf8985207bb5b0c44a65ef28.ssl.cf4.rackcdn.com/Product-190x190/3aa77888-f0b8-4845-8f07-3a2bd8b78493.jpg,https://bcc53877d7aa0a135b9a-1452ca75bf8985207bb5b0c44a65ef28.ssl.cf4.rackcdn.com/Product-190x190/4f22c5c0-b8e1-41a9-b9f2-fcf18fa63f27.jpg,https://bcc53877d7aa0a135b9a-1452ca75bf8985207bb5b0c44a65ef28.ssl.cf4.rackcdn.com/Product-190x190/c7ba82ba-bc4f-4246-864e-57a29d3453a6.jpg,https://bcc53877d7aa0a135b9a-1452ca75bf8985207bb5b0c44a65ef28.ssl.cf4.rackcdn.com/Product-190x190/506c3012-e2b6-4c9e-8ce3-141241527561.jpg",,100507
Mansion Wicker Basket,Grey wash wicker basket for practical storage of logs or magazines. Can also be used as a decorative furnishing to enhance any fireplace.,https://www.homebase.co.uk/mansion-wicker-basket_p440971,15,https://bcc53877d7aa0a135b9a-1452ca75bf8985207bb5b0c44a65ef28.ssl.cf4.rackcdn.com/Product-190x190/77b9b95e-f720-4f94-9558-fb284b57d2bc.jpg,,440971
Offset Pull Handle - Polished Chrome - 300mm,This offset pull handle in polished chrome is a great looking addition to any door. It is designed to be used in any environment.,https://www.homebase.co.uk/offset-pull-handle-polished-chrome-300mm_p421409,22,https://bcc53877d7aa0a135b9a-1452ca75bf8985207bb5b0c44a65ef28.ssl.cf4.rackcdn.com/Product-190x190/49eca5d0-25e0-4201-a01a-b9fc75eb85db.JPG,,421409
Ryobi 500w Jigsaw Kit 16 Blades RJS720-GA16,"The Ryobi 500W Jigsaw is a great all round solution for cutting straight lines and curves in a wide variety of materials. From cutting laminate flooring to kitchen sink cutouts in worktops this will have you covered! Now you can grab yourself a bargain, this kit now includes 16 blades!",https://www.homebase.co.uk/ryobi-500w-jigsaw-kit-16-blades-rjs720-ga16_p405508,35,"https://bcc53877d7aa0a135b9a-1452ca75bf8985207bb5b0c44a65ef28.ssl.cf4.rackcdn.com/Product-190x190/4d0c4d90-364a-40f9-9a9b-ce08c0b546ed.png,https://bcc53877d7aa0a135b9a-1452ca75bf8985207bb5b0c44a65ef28.ssl.cf4.rackcdn.com/Product-190x190/96e8233b-ce50-49c5-856b-0ba87066ef0c.jpg,https://bcc53877d7aa0a135b9a-1452ca75bf8985207bb5b0c44a65ef28.ssl.cf4.rackcdn.com/Product-190x190/fa23494f-acf3-4346-bfc1-c19d0a702dbc.jpg,https://bcc53877d7aa0a135b9a-1452ca75bf8985207bb5b0c44a65ef28.ssl.cf4.rackcdn.com/Product-190x190/9b070bba-d4eb-4898-9017-72c5583ceb50.jpg,https://bcc53877d7aa0a135b9a-1452ca75bf8985207bb5b0c44a65ef28.ssl.cf4.rackcdn.com/Product-190x190/033c35e1-a1c6-4283-8b90-2567b6bb0722.jpg,https://bcc53877d7aa0a135b9a-1452ca75bf8985207bb5b0c44a65ef28.ssl.cf4.rackcdn.com/Product-190x190/0a53e04c-2de6-421b-9070-626f96463b3e.jpg",,405508
Yucca - 24cm,"Agavaceae Yuccas are stylish, easy-to-care-for house plants that look great in any room.",https://www.homebase.co.uk/yucca-24cm_p219193,30,https://bcc53877d7aa0a135b9a-1452ca75bf8985207bb5b0c44a65ef28.ssl.cf4.rackcdn.com/Product-190x190/d15c5d78-e34d-4b86-af02-31669b2f3f85.jpg,,219193
Comet Electric Fire,"The Adam Comet is a versatile fire whose bright brushed steel trim and fret will make your interior positively simmer with style. The fire features an atmospheric pebble bed that works alongside the realistic LED flame effect to give a smoulderingly convincing fire. Add to this its multiple heat settings and adjustable thermostat as well as the independent flame effect function, and you can see why this is a brilliant electric fire.",https://www.homebase.co.uk/comet-electric-fire_p499564,130,"https://bcc53877d7aa0a135b9a-1452ca75bf8985207bb5b0c44a65ef28.ssl.cf4.rackcdn.com/Product-190x190/6c56785b-95c2-4368-a67c-f59f20c641c2.jpg,https://bcc53877d7aa0a135b9a-1452ca75bf8985207bb5b0c44a65ef28.ssl.cf4.rackcdn.com/Product-190x190/03ccc227-e9fd-4ae1-8057-9dba8313443a.jpg,https://bcc53877d7aa0a135b9a-1452ca75bf8985207bb5b0c44a65ef28.ssl.cf4.rackcdn.com/Product-190x190/d6d730ad-2035-45a8-a63e-ab2a5552b176.jpg",,499564
Adam Hertford Brass Electric Inset Fire,This Adam Hertford Electric Fire has an elegant brass finish and a reassuringly traditional look fret and coalbed. It is sure to add a warm and comforting focal point to your living room.,https://www.homebase.co.uk/adam-hertford-brass-electric-inset-fire_p167267,120,"https://bcc53877d7aa0a135b9a-1452ca75bf8985207bb5b0c44a65ef28.ssl.cf4.rackcdn.com/Product-190x190/9a2c986b-370e-4d83-8252-580dcebdd70d.jpg,https://bcc53877d7aa0a135b9a-1452ca75bf8985207bb5b0c44a65ef28.ssl.cf4.rackcdn.com/Product-190x190/499305df-896a-4498-be43-7829b8cea298.jpg,https://bcc53877d7aa0a135b9a-1452ca75bf8985207bb5b0c44a65ef28.ssl.cf4.rackcdn.com/Product-190x190/a7c862eb-8f1f-4408-95e1-7228a2d67f10.jpg,https://bcc53877d7aa0a135b9a-1452ca75bf8985207bb5b0c44a65ef28.ssl.cf4.rackcdn.com/Product-190x190/8aa1b085-6a1e-4419-87ba-cda16d3be868.jpg,https://bcc53877d7aa0a135b9a-1452ca75bf8985207bb5b0c44a65ef28.ssl.cf4.rackcdn.com/Product-190x190/a95fdd27-c093-4319-a7f7-673460282890.jpg,https://bcc53877d7aa0a135b9a-1452ca75bf8985207bb5b0c44a65ef28.ssl.cf4.rackcdn.com/Product-190x190/e25c944b-40d5-42ee-a422-865ce29b8ff8.jpg",,167267
Suncrest Bradbury Electric Fireplace Suite,"The mesmerising flame effect on this Bradbury electric fireplace is truly unbelievable - you ll be forgiven for thinking this is the real thing! Captured in a low and long frame in a very attractive textured white finish, the base styled corbels make this perfect for both traditional and contemporary interiors.",https://www.homebase.co.uk/suncrest-bradbury-electric-fireplace-suite_p472375,525,https://bcc53877d7aa0a135b9a-1452ca75bf8985207bb5b0c44a65ef28.ssl.cf4.rackcdn.com/Product-190x190/43d94bb2-43c1-4185-80d8-615acfcdc516.jpg,,472375
